participant_id,page_role,png_path,pdf_path
P001,page_cover,DATA\STAGING\respondent_001\PNG\EMHA20260107_13335052.png,DATA\STAGING\respondent_001\PDF\EMHA20260107_13324428.pdf
P001,page_selfreport,DATA\STAGING\respondent_001\PNG\EMHA20260107_13361645.png,DATA\STAGING\respondent_001\PDF\EMHA20260107_13352129.pdf
P001,page_drawing,DATA\STAGING\respondent_001\PNG\EMHA20260107_13403439.png,DATA\STAGING\respondent_001\PDF\EMHA20260107_13411672.pdf
P001,page_writing,DATA\STAGING\respondent_001\PNG\EMHA20260107_13435629.png,DATA\STAGING\respondent_001\PDF\EMHA20260107_13422869.pdf
P002,page_cover,DATA\STAGING\respondent_002\PNG\EMHA20260107_13575635.png,DATA\STAGING\respondent_002\PDF\EMHA20260107_14021870.pdf
P002,page_selfreport,DATA\STAGING\respondent_002\PNG\EMHA20260107_13590957.png,DATA\STAGING\respondent_002\PDF\EMHA20260107_14552814.pdf
P002,page_drawing,DATA\STAGING\respondent_002\PNG\EMHA20260107_14004494.png,DATA\STAGING\respondent_002\PDF\EMHA20260107_14570197.pdf
P002,page_writing,DATA\STAGING\respondent_002\PNG\EMHA20260107_14012550.png,DATA\STAGING\respondent_002\PDF\EMHA20260107_14575175.pdf
P003,page_cover,DATA\STAGING\respondent_003\PNG\EMHA20260107_15053610.png,DATA\STAGING\respondent_003\PDF\EMHA20260107_15011008.pdf
P003,page_selfreport,DATA\STAGING\respondent_003\PNG\EMHA20260107_15074338.png,DATA\STAGING\respondent_003\PDF\EMHA20260107_15023095.pdf
P003,page_drawing,DATA\STAGING\respondent_003\PNG\EMHA20260107_15083223.png,DATA\STAGING\respondent_003\PDF\EMHA20260107_15034566.pdf
P003,page_writing,DATA\STAGING\respondent_003\PNG\EMHA20260107_15092442.png,DATA\STAGING\respondent_003\PDF\EMHA20260107_15042683.pdf
P004,page_cover,DATA\STAGING\respondent_004\PNG\EMHA20260107_15130100.png,DATA\STAGING\respondent_004\PDF\EMHA20260107_15165996.pdf
P004,page_selfreport,DATA\STAGING\respondent_004\PNG\EMHA20260107_15141155.png,DATA\STAGING\respondent_004\PDF\EMHA20260107_15193928.pdf
P004,page_drawing,DATA\STAGING\respondent_004\PNG\EMHA20260107_15145328.png,DATA\STAGING\respondent_004\PDF\EMHA20260107_15204696.pdf
P004,page_writing,DATA\STAGING\respondent_004\PNG\EMHA20260107_15155592.png,DATA\STAGING\respondent_004\PDF\EMHA20260107_15221294.pdf
P005,page_cover,DATA\STAGING\respondent_005\PNG\EMHA20260107_16192386.png,DATA\STAGING\respondent_005\PDF\EMHA20260107_15235238.pdf
P005,page_selfreport,DATA\STAGING\respondent_005\PNG\EMHA20260107_16195917.png,DATA\STAGING\respondent_005\PDF\EMHA20260107_16165771.pdf
P005,page_drawing,DATA\STAGING\respondent_005\PNG\EMHA20260107_16203361.png,DATA\STAGING\respondent_005\PDF\EMHA20260107_16174063.pdf
P005,page_writing,DATA\STAGING\respondent_005\PNG\EMHA20260107_16214380.png,DATA\STAGING\respondent_005\PDF\EMHA20260107_16183478.pdf
P006,page_cover,DATA\STAGING\respondent_006\PNG\EMHA20260107_16232284.png,DATA\STAGING\respondent_006\PDF\EMHA20260107_16284816.pdf
P006,page_selfreport,DATA\STAGING\respondent_006\PNG\EMHA20260107_16241195.png,DATA\STAGING\respondent_006\PDF\EMHA20260107_16294476.pdf
P006,page_drawing,DATA\STAGING\respondent_006\PNG\EMHA20260107_16253712.png,DATA\STAGING\respondent_006\PDF\EMHA20260107_16302456.pdf
P006,page_writing,DATA\STAGING\respondent_006\PNG\EMHA20260107_16274744.png,DATA\STAGING\respondent_006\PDF\EMHA20260107_16310837.pdf
P007,page_cover,DATA\STAGING\respondent_007\PNG\EMHA20260107_16451526.png,DATA\STAGING\respondent_007\PDF\EMHA20260107_16322112.pdf
P007,page_selfreport,DATA\STAGING\respondent_007\PNG\EMHA20260107_16470431.png,DATA\STAGING\respondent_007\PDF\EMHA20260107_16360985.pdf
P007,page_drawing,DATA\STAGING\respondent_007\PNG\EMHA20260107_16495215.png,DATA\STAGING\respondent_007\PDF\EMHA20260107_16390987.pdf
P007,page_writing,DATA\STAGING\respondent_007\PNG\EMHA20260107_16535551.png,DATA\STAGING\respondent_007\PDF\EMHA20260107_16431369.pdf
P008,page_cover,DATA\STAGING\respondent_008\PNG\EMHA20260107_16560031.png,DATA\STAGING\respondent_008\PDF\EMHA20260107_17045336.pdf
P008,page_selfreport,DATA\STAGING\respondent_008\PNG\EMHA20260107_16570580.png,DATA\STAGING\respondent_008\PDF\EMHA20260107_17065274.pdf
P008,page_drawing,DATA\STAGING\respondent_008\PNG\EMHA20260107_16584036.png,DATA\STAGING\respondent_008\PDF\EMHA20260107_17083212.pdf
P008,page_writing,DATA\STAGING\respondent_008\PNG\EMHA20260107_16593566.png,DATA\STAGING\respondent_008\PDF\EMHA20260107_17090988.pdf
P009,page_cover,DATA\STAGING\respondent_009\PNG\EMHA20260107_17213743.png,DATA\STAGING\respondent_009\PDF\EMHA20260107_17155702.pdf
P009,page_selfreport,DATA\STAGING\respondent_009\PNG\EMHA20260107_17272785.png,DATA\STAGING\respondent_009\PDF\EMHA20260107_17170069.pdf
P009,page_drawing,DATA\STAGING\respondent_009\PNG\EMHA20260107_17283881.png,DATA\STAGING\respondent_009\PDF\EMHA20260107_17181229.pdf
P009,page_writing,DATA\STAGING\respondent_009\PNG\EMHA20260107_17291857.png,DATA\STAGING\respondent_009\PDF\EMHA20260107_17201103.pdf
P010,page_cover,DATA\STAGING\respondent_010\PNG\EMHA20260107_17302512.png,DATA\STAGING\respondent_010\PDF\EMHA20260107_17333221.pdf
P010,page_selfreport,DATA\STAGING\respondent_010\PNG\EMHA20260107_17310537.png,DATA\STAGING\respondent_010\PDF\EMHA20260107_17341472.pdf
P010,page_drawing,DATA\STAGING\respondent_010\PNG\EMHA20260107_17314429.png,DATA\STAGING\respondent_010\PDF\EMHA20260107_17351215.pdf
P010,page_writing,DATA\STAGING\respondent_010\PNG\EMHA20260107_17322684.png,DATA\STAGING\respondent_010\PDF\EMHA20260107_17355780.pdf
P011,page_cover,DATA\STAGING\respondent_011\PNG\EMHA20260107_17420151.png,DATA\STAGING\respondent_011\PDF\EMHA20260107_17371817.pdf
P011,page_selfreport,DATA\STAGING\respondent_011\PNG\EMHA20260107_17430832.png,DATA\STAGING\respondent_011\PDF\EMHA20260107_17382385.pdf
P011,page_drawing,DATA\STAGING\respondent_011\PNG\EMHA20260107_17435323.png,DATA\STAGING\respondent_011\PDF\EMHA20260107_17391132.pdf
P011,page_writing,DATA\STAGING\respondent_011\PNG\EMHA20260107_17443544.png,DATA\STAGING\respondent_011\PDF\EMHA20260107_17402188.pdf
P012,page_cover,DATA\STAGING\respondent_012\PNG\EMHA20260107_17473177.png,DATA\STAGING\respondent_012\PDF\EMHA20260107_17531575.pdf
P012,page_selfreport,DATA\STAGING\respondent_012\PNG\EMHA20260107_17482060.png,DATA\STAGING\respondent_012\PDF\EMHA20260107_17540583.pdf
P012,page_drawing,DATA\STAGING\respondent_012\PNG\EMHA20260107_17491626.png,DATA\STAGING\respondent_012\PDF\EMHA20260107_17544944.pdf
P012,page_writing,DATA\STAGING\respondent_012\PNG\EMHA20260107_17505824.png,DATA\STAGING\respondent_012\PDF\EMHA20260107_17555329.pdf
P013,page_cover,DATA\STAGING\respondent_013\PNG\EMHA20260107_18015292.png,DATA\STAGING\respondent_013\PDF\EMHA20260107_17571171.pdf
P013,page_selfreport,DATA\STAGING\respondent_013\PNG\EMHA20260107_18024598.png,DATA\STAGING\respondent_013\PDF\EMHA20260107_17581322.pdf
P013,page_drawing,DATA\STAGING\respondent_013\PNG\EMHA20260107_18034198.png,DATA\STAGING\respondent_013\PDF\EMHA20260107_17592509.pdf
P013,page_writing,DATA\STAGING\respondent_013\PNG\EMHA20260107_18075916.png,DATA\STAGING\respondent_013\PDF\EMHA20260107_18004075.pdf
P014,page_cover,DATA\STAGING\respondent_014\PNG\EMHA20260107_18125471.png,DATA\STAGING\respondent_014\PDF\EMHA20260107_18163953.pdf
P014,page_selfreport,DATA\STAGING\respondent_014\PNG\EMHA20260107_18135543.png,DATA\STAGING\respondent_014\PDF\EMHA20260107_18185630.pdf
P014,page_drawing,DATA\STAGING\respondent_014\PNG\EMHA20260107_18144764.png,DATA\STAGING\respondent_014\PDF\EMHA20260107_18202832.pdf
P014,page_writing,DATA\STAGING\respondent_014\PNG\EMHA20260107_18153479.png,DATA\STAGING\respondent_014\PDF\EMHA20260107_18230738.pdf
P015,page_cover,DATA\STAGING\respondent_015\PNG\EMHA20260107_18341707.png,DATA\STAGING\respondent_015\PDF\EMHA20260107_18290874.pdf
P015,page_selfreport,DATA\STAGING\respondent_015\PNG\EMHA20260107_18345560.png,DATA\STAGING\respondent_015\PDF\EMHA20260107_18310335.pdf
P015,page_drawing,DATA\STAGING\respondent_015\PNG\EMHA20260107_18355977.png,DATA\STAGING\respondent_015\PDF\EMHA20260107_18324162.pdf
P015,page_writing,DATA\STAGING\respondent_015\PNG\EMHA20260107_18365506.png,DATA\STAGING\respondent_015\PDF\EMHA20260107_18332628.pdf
P016,page_cover,DATA\STAGING\respondent_016\PNG\EMHA20260108_18191589.png,DATA\STAGING\respondent_016\PDF\EMHA20260108_18223418.pdf
P016,page_selfreport,DATA\STAGING\respondent_016\PNG\EMHA20260108_18200344.png,DATA\STAGING\respondent_016\PDF\EMHA20260108_18232379.pdf
P016,page_drawing,DATA\STAGING\respondent_016\PNG\EMHA20260108_18204819.png,DATA\STAGING\respondent_016\PDF\EMHA20260108_18241237.pdf
P016,page_writing,DATA\STAGING\respondent_016\PNG\EMHA20260108_18212766.png,DATA\STAGING\respondent_016\PDF\EMHA20260108_18245693.pdf
P017,page_cover,DATA\STAGING\respondent_017\PNG\EMHA20260108_18310401.png,DATA\STAGING\respondent_017\PDF\EMHA20260108_18261721.pdf
P017,page_selfreport,DATA\STAGING\respondent_017\PNG\EMHA20260108_18315673.png,DATA\STAGING\respondent_017\PDF\EMHA20260108_18270418.pdf
P017,page_drawing,DATA\STAGING\respondent_017\PNG\EMHA20260108_18324542.png,DATA\STAGING\respondent_017\PDF\EMHA20260108_18274714.pdf
P017,page_writing,DATA\STAGING\respondent_017\PNG\EMHA20260108_18340796.png,DATA\STAGING\respondent_017\PDF\EMHA20260108_18285941.pdf
P018,page_cover,DATA\STAGING\respondent_018\PNG\EMHA20260108_18352036.png,DATA\STAGING\respondent_018\PDF\EMHA20260108_18384201.pdf
P018,page_selfreport,DATA\STAGING\respondent_018\PNG\EMHA20260108_18360997.png,DATA\STAGING\respondent_018\PDF\EMHA20260108_18392738.pdf
P018,page_drawing,DATA\STAGING\respondent_018\PNG\EMHA20260108_18365372.png,DATA\STAGING\respondent_018\PDF\EMHA20260108_18402095.pdf
P018,page_writing,DATA\STAGING\respondent_018\PNG\EMHA20260108_18374867.png,DATA\STAGING\respondent_018\PDF\EMHA20260108_18410744.pdf
P019,page_cover,DATA\STAGING\respondent_019\PNG\EMHA20260108_18593304.png,DATA\STAGING\respondent_019\PDF\EMHA20260108_18584562.pdf
P019,page_selfreport,DATA\STAGING\respondent_019\PNG\EMHA20260108_19002284.png,DATA\STAGING\respondent_019\PDF\EMHA20260108_19010559.pdf
P019,page_drawing,DATA\STAGING\respondent_019\PNG\EMHA20260108_19023382.png,DATA\STAGING\respondent_019\PDF\EMHA20260108_19015112.pdf
P019,page_writing,DATA\STAGING\respondent_019\PNG\EMHA20260108_19033179.png,DATA\STAGING\respondent_019\PDF\EMHA20260108_19041194.pdf
P020,page_cover,DATA\STAGING\respondent_020\PNG\EMHA20260108_19055165.png,DATA\STAGING\respondent_020\PDF\EMHA20260108_19051084.pdf
P020,page_selfreport,DATA\STAGING\respondent_020\PNG\EMHA20260108_19065032.png,DATA\STAGING\respondent_020\PDF\EMHA20260108_19073501.pdf
P020,page_drawing,DATA\STAGING\respondent_020\PNG\EMHA20260108_19091021.png,DATA\STAGING\respondent_020\PDF\EMHA20260108_19082435.pdf
P020,page_writing,DATA\STAGING\respondent_020\PNG\EMHA20260108_19100833.png,DATA\STAGING\respondent_020\PDF\EMHA20260108_19110656.pdf
P021,page_cover,DATA\STAGING\respondent_021\PNG\EMHA20260108_22245605.png,DATA\STAGING\respondent_021\PDF\EMHA20260108_22241845.pdf
P021,page_selfreport,DATA\STAGING\respondent_021\PNG\EMHA20260108_22253867.png,DATA\STAGING\respondent_021\PDF\EMHA20260108_22265866.pdf
P021,page_drawing,DATA\STAGING\respondent_021\PNG\EMHA20260108_22283953.png,DATA\STAGING\respondent_021\PDF\EMHA20260108_22280110.pdf
P021,page_writing,DATA\STAGING\respondent_021\PNG\EMHA20260108_22293567.png,DATA\STAGING\respondent_021\PDF\EMHA20260108_22301491.pdf
P022,page_cover,DATA\STAGING\respondent_022\PNG\EMHA20260108_22324500.png,DATA\STAGING\respondent_022\PDF\EMHA20260108_22320546.pdf
P022,page_selfreport,DATA\STAGING\respondent_022\PNG\EMHA20260108_22335770.png,DATA\STAGING\respondent_022\PDF\EMHA20260108_22343519.pdf
P022,page_drawing,DATA\STAGING\respondent_022\PNG\EMHA20260108_22362437.png,DATA\STAGING\respondent_022\PDF\EMHA20260108_22352782.pdf
P022,page_writing,DATA\STAGING\respondent_022\PNG\EMHA20260108_22372244.png,DATA\STAGING\respondent_022\PDF\EMHA20260306_01523135.pdf
P023,page_cover,DATA\STAGING\respondent_023\PNG\EMHA20260108_22402487.png,DATA\STAGING\respondent_023\PDF\EMHA20260108_22394193.pdf
P023,page_selfreport,DATA\STAGING\respondent_023\PNG\EMHA20260108_22410583.png,DATA\STAGING\respondent_023\PDF\EMHA20260108_22420727.pdf
P023,page_drawing,DATA\STAGING\respondent_023\PNG\EMHA20260108_22452040.png,DATA\STAGING\respondent_023\PDF\EMHA20260108_22425150.pdf
P023,page_writing,DATA\STAGING\respondent_023\PNG\EMHA20260108_22461978.png,DATA\STAGING\respondent_023\PDF\EMHA20260108_22470519.pdf
P024,page_cover,DATA\STAGING\respondent_024\PNG\EMHA20260108_22493612.png,DATA\STAGING\respondent_024\PDF\EMHA20260108_22484903.pdf
P024,page_selfreport,DATA\STAGING\respondent_024\PNG\EMHA20260108_22502513.png,DATA\STAGING\respondent_024\PDF\EMHA20260108_22530585.pdf
P024,page_drawing,DATA\STAGING\respondent_024\PNG\EMHA20260108_22543017.png,DATA\STAGING\respondent_024\PDF\EMHA20260108_22535003.pdf
P024,page_writing,DATA\STAGING\respondent_024\PNG\EMHA20260108_23001697.png,DATA\STAGING\respondent_024\PDF\EMHA20260108_23010172.pdf
P025,page_cover,DATA\STAGING\respondent_025\PNG\EMHA20260108_23024466.png,DATA\STAGING\respondent_025\PDF\EMHA20260108_23020628.pdf
P025,page_selfreport,DATA\STAGING\respondent_025\PNG\EMHA20260108_23040310.png,DATA\STAGING\respondent_025\PDF\EMHA20260108_23044996.pdf
P025,page_drawing,DATA\STAGING\respondent_025\PNG\EMHA20260108_23090691.png,DATA\STAGING\respondent_025\PDF\EMHA20260108_23054195.pdf
P025,page_writing,DATA\STAGING\respondent_025\PNG\EMHA20260108_23120084.png,DATA\STAGING\respondent_025\PDF\EMHA20260108_23125141.pdf
P026,page_cover,DATA\STAGING\respondent_026\PNG\EMHA20260108_23152521.png,DATA\STAGING\respondent_026\PDF\EMHA20260108_23142599.pdf
P026,page_selfreport,DATA\STAGING\respondent_026\PNG\EMHA20260108_23160813.png,DATA\STAGING\respondent_026\PDF\EMHA20260108_23173915.pdf
P026,page_drawing,DATA\STAGING\respondent_026\PNG\EMHA20260108_23210191.png,DATA\STAGING\respondent_026\PDF\EMHA20260108_23200703.pdf
P026,page_writing,DATA\STAGING\respondent_026\PNG\EMHA20260108_23220467.png,DATA\STAGING\respondent_026\PDF\EMHA20260108_23233086.pdf
P027,page_cover,DATA\STAGING\respondent_027\PNG\EMHA20260108_23254197.png,DATA\STAGING\respondent_027\PDF\EMHA20260108_23250157.pdf
P027,page_selfreport,DATA\STAGING\respondent_027\PNG\EMHA20260108_23274408.png,DATA\STAGING\respondent_027\PDF\EMHA20260108_23284936.pdf
P027,page_drawing,DATA\STAGING\respondent_027\PNG\EMHA20260108_23335651.png,DATA\STAGING\respondent_027\PDF\EMHA20260108_23311585.pdf
P027,page_writing,DATA\STAGING\respondent_027\PNG\EMHA20260108_23364000.png,DATA\STAGING\respondent_027\PDF\EMHA20260108_23371709.pdf
P028,page_cover,DATA\STAGING\respondent_028\PNG\EMHA20260108_23394133.png,DATA\STAGING\respondent_028\PDF\EMHA20260108_23381959.pdf
P028,page_selfreport,DATA\STAGING\respondent_028\PNG\EMHA20260108_23402684.png,DATA\STAGING\respondent_028\PDF\EMHA20260108_23411071.pdf
P028,page_drawing,DATA\STAGING\respondent_028\PNG\EMHA20260108_23465000.png,DATA\STAGING\respondent_028\PDF\EMHA20260108_23450230.pdf
P028,page_writing,DATA\STAGING\respondent_028\PNG\EMHA20260108_23480573.png,DATA\STAGING\respondent_028\PDF\EMHA20260108_23485275.pdf
P029,page_cover,DATA\STAGING\respondent_029\PNG\EMHA20260108_23503637.png,DATA\STAGING\respondent_029\PDF\EMHA20260108_23495769.pdf
P029,page_selfreport,DATA\STAGING\respondent_029\PNG\EMHA20260108_23563432.png,DATA\STAGING\respondent_029\PDF\EMHA20260108_23571699.pdf
P029,page_drawing,DATA\STAGING\respondent_029\PNG\EMHA20260109_00043291.png,DATA\STAGING\respondent_029\PDF\EMHA20260109_00034512.pdf
P029,page_writing,DATA\STAGING\respondent_029\PNG\EMHA20260109_00074330.png,DATA\STAGING\respondent_029\PDF\EMHA20260109_00083575.pdf
P030,page_cover,DATA\STAGING\respondent_030\PNG\EMHA20260109_00104407.png,DATA\STAGING\respondent_030\PDF\EMHA20260109_00100788.pdf
P030,page_selfreport,DATA\STAGING\respondent_030\PNG\EMHA20260109_00112149.png,DATA\STAGING\respondent_030\PDF\EMHA20260109_00122515.pdf
P030,page_drawing,DATA\STAGING\respondent_030\PNG\EMHA20260109_00143296.png,DATA\STAGING\respondent_030\PDF\EMHA20260109_00132462.pdf
P030,page_writing,DATA\STAGING\respondent_030\PNG\EMHA20260109_00153615.png,DATA\STAGING\respondent_030\PDF\EMHA20260109_00161732.pdf
P031,page_cover,DATA\STAGING\respondent_031\PNG\EMHA20260109_00192614.png,DATA\STAGING\respondent_031\PDF\EMHA20260109_00172173.pdf
P031,page_selfreport,DATA\STAGING\respondent_031\PNG\EMHA20260109_00201113.png,DATA\STAGING\respondent_031\PDF\EMHA20260109_00210363.pdf
P031,page_drawing,DATA\STAGING\respondent_031\PNG\EMHA20260109_00231260.png,DATA\STAGING\respondent_031\PDF\EMHA20260109_00223168.pdf
P031,page_writing,DATA\STAGING\respondent_031\PNG\EMHA20260109_00240087.png,DATA\STAGING\respondent_031\PDF\EMHA20260109_00253064.pdf
P032,page_cover,DATA\STAGING\respondent_032\PNG\EMHA20260109_00290228.png,DATA\STAGING\respondent_032\PDF\EMHA20260109_00281240.pdf
P032,page_selfreport,DATA\STAGING\respondent_032\PNG\EMHA20260109_00303697.png,DATA\STAGING\respondent_032\PDF\EMHA20260109_00311407.pdf
P032,page_drawing,DATA\STAGING\respondent_032\PNG\EMHA20260109_00330589.png,DATA\STAGING\respondent_032\PDF\EMHA20260109_00315351.pdf
P032,page_writing,DATA\STAGING\respondent_032\PNG\EMHA20260109_00340572.png,DATA\STAGING\respondent_032\PDF\EMHA20260109_00353474.pdf
P033,page_cover,DATA\STAGING\respondent_033\PNG\EMHA20260109_00384572.png,DATA\STAGING\respondent_033\PDF\EMHA20260109_00374803.pdf
P033,page_selfreport,DATA\STAGING\respondent_033\PNG\EMHA20260109_00394248.png,DATA\STAGING\respondent_033\PDF\EMHA20260109_00411639.pdf
P033,page_drawing,DATA\STAGING\respondent_033\PNG\EMHA20260109_00440574.png,DATA\STAGING\respondent_033\PDF\EMHA20260109_00415922.pdf
P033,page_writing,DATA\STAGING\respondent_033\PNG\EMHA20260109_00445039.png,DATA\STAGING\respondent_033\PDF\EMHA20260109_00462680.pdf
P034,page_cover,DATA\STAGING\respondent_034\PNG\EMHA20260109_00482089.png,DATA\STAGING\respondent_034\PDF\EMHA20260109_00474132.pdf
P034,page_selfreport,DATA\STAGING\respondent_034\PNG\EMHA20260109_00493161.png,DATA\STAGING\respondent_034\PDF\EMHA20260109_00501116.pdf
P034,page_drawing,DATA\STAGING\respondent_034\PNG\EMHA20260109_00521830.png,DATA\STAGING\respondent_034\PDF\EMHA20260109_00512445.pdf
P034,page_writing,DATA\STAGING\respondent_034\PNG\EMHA20260109_00534067.png,DATA\STAGING\respondent_034\PDF\EMHA20260109_00574633.pdf
P035,page_cover,DATA\STAGING\respondent_035\PNG\EMHA20260109_01111203.png,DATA\STAGING\respondent_035\PDF\EMHA20260109_01025033.pdf
P035,page_selfreport,DATA\STAGING\respondent_035\PNG\EMHA20260109_01115329.png,DATA\STAGING\respondent_035\PDF\EMHA20260109_01130442.pdf
P035,page_drawing,DATA\STAGING\respondent_035\PNG\EMHA20260109_01164389.png,DATA\STAGING\respondent_035\PDF\EMHA20260109_01154477.pdf
P035,page_writing,DATA\STAGING\respondent_035\PNG\EMHA20260109_01173137.png,DATA\STAGING\respondent_035\PDF\EMHA20260109_01192343.pdf
P036,page_cover,DATA\STAGING\respondent_036\PNG\EMHA20260109_13264536.png,DATA\STAGING\respondent_036\PDF\EMHA20260109_13275342.pdf
P036,page_selfreport,DATA\STAGING\respondent_036\PNG\EMHA20260109_13291414.png,DATA\STAGING\respondent_036\PDF\EMHA20260109_13283872.pdf
P036,page_drawing,DATA\STAGING\respondent_036\PNG\EMHA20260109_13295315.png,DATA\STAGING\respondent_036\PDF\EMHA20260109_13303207.pdf
P036,page_writing,DATA\STAGING\respondent_036\PNG\EMHA20260109_13315007.png,DATA\STAGING\respondent_036\PDF\EMHA20260109_13311134.pdf
P037,page_cover,DATA\STAGING\respondent_037\PNG\EMHA20260109_13371404.png,DATA\STAGING\respondent_037\PDF\EMHA20260109_13375249.pdf
P037,page_selfreport,DATA\STAGING\respondent_037\PNG\EMHA20260109_13460280.png,DATA\STAGING\respondent_037\PDF\EMHA20260109_13385093.pdf
P037,page_drawing,DATA\STAGING\respondent_037\PNG\EMHA20260109_13513741.png,DATA\STAGING\respondent_037\PDF\EMHA20260109_13522467.pdf
P037,page_writing,DATA\STAGING\respondent_037\PNG\EMHA20260109_14030543.png,DATA\STAGING\respondent_037\PDF\EMHA20260109_13590094.pdf
P038,page_cover,DATA\STAGING\respondent_038\PNG\EMHA20260109_14042354.png,DATA\STAGING\respondent_038\PDF\EMHA20260109_14045932.pdf
P038,page_selfreport,DATA\STAGING\respondent_038\PNG\EMHA20260109_14065066.png,DATA\STAGING\respondent_038\PDF\EMHA20260109_14061286.pdf
P038,page_drawing,DATA\STAGING\respondent_038\PNG\EMHA20260109_14074660.png,DATA\STAGING\respondent_038\PDF\EMHA20260109_14082069.pdf
P038,page_writing,DATA\STAGING\respondent_038\PNG\EMHA20260109_14130039.png,DATA\STAGING\respondent_038\PDF\EMHA20260109_14094749.pdf
P039,page_cover,DATA\STAGING\respondent_039\PNG\EMHA20260109_14172060.png,DATA\STAGING\respondent_039\PDF\EMHA20260109_14181198.pdf
P039,page_selfreport,DATA\STAGING\respondent_039\PNG\EMHA20260109_14200415.png,DATA\STAGING\respondent_039\PDF\EMHA20260109_14192604.pdf
P039,page_drawing,DATA\STAGING\respondent_039\PNG\EMHA20260109_14211305.png,DATA\STAGING\respondent_039\PDF\EMHA20260109_14221262.pdf
P039,page_writing,DATA\STAGING\respondent_039\PNG\EMHA20260109_14235209.png,DATA\STAGING\respondent_039\PDF\EMHA20260109_14231131.pdf
P040,page_cover,DATA\STAGING\respondent_040\PNG\EMHA20260109_14250266.png,DATA\STAGING\respondent_040\PDF\EMHA20260109_14254973.pdf
P040,page_selfreport,DATA\STAGING\respondent_040\PNG\EMHA20260109_14271031.png,DATA\STAGING\respondent_040\PDF\EMHA20260109_14263148.pdf
P040,page_drawing,DATA\STAGING\respondent_040\PNG\EMHA20260109_14275444.png,DATA\STAGING\respondent_040\PDF\EMHA20260109_14283353.pdf
P040,page_writing,DATA\STAGING\respondent_040\PNG\EMHA20260109_14300187.png,DATA\STAGING\respondent_040\PDF\EMHA20260109_14292342.pdf
P041,page_cover,DATA\STAGING\respondent_041\PNG\EMHA20260109_14310778.png,DATA\STAGING\respondent_041\PDF\EMHA20260109_14322018.pdf
P041,page_selfreport,DATA\STAGING\respondent_041\PNG\EMHA20260109_14335359.png,DATA\STAGING\respondent_041\PDF\EMHA20260109_14331372.pdf
P041,page_drawing,DATA\STAGING\respondent_041\PNG\EMHA20260109_14344118.png,DATA\STAGING\respondent_041\PDF\EMHA20260109_14352798.pdf
P041,page_writing,DATA\STAGING\respondent_041\PNG\EMHA20260109_14365364.png,DATA\STAGING\respondent_041\PDF\EMHA20260109_14361153.pdf
P042,page_cover,DATA\STAGING\respondent_042\PNG\EMHA20260109_14375628.png,DATA\STAGING\respondent_042\PDF\EMHA20260109_14383764.pdf
P042,page_selfreport,DATA\STAGING\respondent_042\PNG\EMHA20260109_14404059.png,DATA\STAGING\respondent_042\PDF\EMHA20260109_14395706.pdf
P042,page_drawing,DATA\STAGING\respondent_042\PNG\EMHA20260109_14413686.png,DATA\STAGING\respondent_042\PDF\EMHA20260109_14421860.pdf
P042,page_writing,DATA\STAGING\respondent_042\PNG\EMHA20260109_14440592.png,DATA\STAGING\respondent_042\PDF\EMHA20260109_14432530.pdf
P043,page_cover,DATA\STAGING\respondent_043\PNG\EMHA20260109_14451097.png,DATA\STAGING\respondent_043\PDF\EMHA20260109_14455232.pdf
P043,page_selfreport,DATA\STAGING\respondent_043\PNG\EMHA20260109_14472630.png,DATA\STAGING\respondent_043\PDF\EMHA20260109_14463376.pdf
P043,page_drawing,DATA\STAGING\respondent_043\PNG\EMHA20260109_14481623.png,DATA\STAGING\respondent_043\PDF\EMHA20260109_14485907.pdf
P043,page_writing,DATA\STAGING\respondent_043\PNG\EMHA20260109_14521440.png,DATA\STAGING\respondent_043\PDF\EMHA20260109_14495310.pdf
P044,page_cover,DATA\STAGING\respondent_044\PNG\EMHA20260109_15234209.png,DATA\STAGING\respondent_044\PDF\EMHA20260109_15243160.pdf
P044,page_selfreport,DATA\STAGING\respondent_044\PNG\EMHA20260109_15255399.png,DATA\STAGING\respondent_044\PDF\EMHA20260109_15251455.pdf
P044,page_drawing,DATA\STAGING\respondent_044\PNG\EMHA20260109_15264197.png,DATA\STAGING\respondent_044\PDF\EMHA20260109_15272178.pdf
P044,page_writing,DATA\STAGING\respondent_044\PNG\EMHA20260109_15285441.png,DATA\STAGING\respondent_044\PDF\EMHA20260109_15280972.pdf
P045,page_cover,DATA\STAGING\respondent_045\PNG\EMHA20260109_15302270.png,DATA\STAGING\respondent_045\PDF\EMHA20260109_15310353.pdf
P045,page_selfreport,DATA\STAGING\respondent_045\PNG\EMHA20260109_15323448.png,DATA\STAGING\respondent_045\PDF\EMHA20260109_15314927.pdf
P045,page_drawing,DATA\STAGING\respondent_045\PNG\EMHA20260109_15332264.png,DATA\STAGING\respondent_045\PDF\EMHA20260109_15341811.pdf
P045,page_writing,DATA\STAGING\respondent_045\PNG\EMHA20260109_15361532.png,DATA\STAGING\respondent_045\PDF\EMHA20260109_15351429.pdf
P046,page_cover,DATA\STAGING\respondent_046\PNG\EMHA20260109_15375184.png,DATA\STAGING\respondent_046\PDF\EMHA20260109_15383317.pdf
P046,page_selfreport,DATA\STAGING\respondent_046\PNG\EMHA20260109_15413078.png,DATA\STAGING\respondent_046\PDF\EMHA20260109_15404979.pdf
P046,page_drawing,DATA\STAGING\respondent_046\PNG\EMHA20260109_15431919.png,DATA\STAGING\respondent_046\PDF\EMHA20260109_15472624.pdf
P046,page_writing,DATA\STAGING\respondent_046\PNG\EMHA20260109_15501113.png,DATA\STAGING\respondent_046\PDF\EMHA20260109_15484004.pdf
P047,page_cover,DATA\STAGING\respondent_047\PNG\EMHA20260109_15512965.png,DATA\STAGING\respondent_047\PDF\EMHA20260109_15521024.pdf
P047,page_selfreport,DATA\STAGING\respondent_047\PNG\EMHA20260109_15534747.png,DATA\STAGING\respondent_047\PDF\EMHA20260109_15530906.pdf
P047,page_drawing,DATA\STAGING\respondent_047\PNG\EMHA20260109_15543147.png,DATA\STAGING\respondent_047\PDF\EMHA20260109_15551517.pdf
P047,page_writing,DATA\STAGING\respondent_047\PNG\EMHA20260109_15575519.png,DATA\STAGING\respondent_047\PDF\EMHA20260109_15555730.pdf
P048,page_cover,DATA\STAGING\respondent_048\PNG\EMHA20260109_15592177.png,DATA\STAGING\respondent_048\PDF\EMHA20260109_16003070.pdf
P048,page_selfreport,DATA\STAGING\respondent_048\PNG\EMHA20260109_16020311.png,DATA\STAGING\respondent_048\PDF\EMHA20260109_16011523.pdf
P048,page_drawing,DATA\STAGING\respondent_048\PNG\EMHA20260109_16033802.png,DATA\STAGING\respondent_048\PDF\EMHA20260109_16042624.pdf
P048,page_writing,DATA\STAGING\respondent_048\PNG\EMHA20260109_16065644.png,DATA\STAGING\respondent_048\PDF\EMHA20260109_16054058.pdf
P049,page_cover,DATA\STAGING\respondent_049\PNG\EMHA20260109_16082126.png,DATA\STAGING\respondent_049\PDF\EMHA20260109_16092304.pdf
P049,page_selfreport,DATA\STAGING\respondent_049\PNG\EMHA20260109_16121321.png,DATA\STAGING\respondent_049\PDF\EMHA20260109_16105946.pdf
P049,page_drawing,DATA\STAGING\respondent_049\PNG\EMHA20260109_16135491.png,DATA\STAGING\respondent_049\PDF\EMHA20260109_16144747.pdf
P049,page_writing,DATA\STAGING\respondent_049\PNG\EMHA20260109_16163406.png,DATA\STAGING\respondent_049\PDF\EMHA20260109_16154739.pdf
P050,page_cover,DATA\STAGING\respondent_050\PNG\EMHA20260109_16174943.png,DATA\STAGING\respondent_050\PDF\EMHA20260109_16185382.pdf
P050,page_selfreport,DATA\STAGING\respondent_050\PNG\EMHA20260109_16202151.png,DATA\STAGING\respondent_050\PDF\EMHA20260109_16194140.pdf
P050,page_drawing,DATA\STAGING\respondent_050\PNG\EMHA20260109_16210414.png,DATA\STAGING\respondent_050\PDF\EMHA20260109_16215103.pdf
P050,page_writing,DATA\STAGING\respondent_050\PNG\EMHA20260109_16231949.png,DATA\STAGING\respondent_050\PDF\EMHA20260109_16223775.pdf
P051,page_cover,DATA\STAGING\respondent_051\PNG\EMHA20260109_16243936.png,DATA\STAGING\respondent_051\PDF\EMHA20260109_16252123.pdf
P051,page_selfreport,DATA\STAGING\respondent_051\PNG\EMHA20260109_16272100.png,DATA\STAGING\respondent_051\PDF\EMHA20260109_16261241.pdf
P051,page_drawing,DATA\STAGING\respondent_051\PNG\EMHA20260109_16280710.png,DATA\STAGING\respondent_051\PDF\EMHA20260109_16291831.pdf
P051,page_writing,DATA\STAGING\respondent_051\PNG\EMHA20260109_16305835.png,DATA\STAGING\respondent_051\PDF\EMHA20260109_16301004.pdf
P052,page_cover,DATA\STAGING\respondent_052\PNG\EMHA20260109_16323437.png,DATA\STAGING\respondent_052\PDF\EMHA20260109_16331574.pdf
P052,page_selfreport,DATA\STAGING\respondent_052\PNG\EMHA20260109_16353228.png,DATA\STAGING\respondent_052\PDF\EMHA20260109_16342414.pdf
P052,page_drawing,DATA\STAGING\respondent_052\PNG\EMHA20260109_16364086.png,DATA\STAGING\respondent_052\PDF\EMHA20260109_16372042.pdf
P052,page_writing,DATA\STAGING\respondent_052\PNG\EMHA20260109_16384928.png,DATA\STAGING\respondent_052\PDF\EMHA20260109_16380691.pdf
P053,page_cover,DATA\STAGING\respondent_053\PNG\EMHA20260109_16401744.png,DATA\STAGING\respondent_053\PDF\EMHA20260109_16405719.pdf
P053,page_selfreport,DATA\STAGING\respondent_053\PNG\EMHA20260109_16422220.png,DATA\STAGING\respondent_053\PDF\EMHA20260109_16414230.pdf
P053,page_drawing,DATA\STAGING\respondent_053\PNG\EMHA20260109_16430690.png,DATA\STAGING\respondent_053\PDF\EMHA20260109_16434794.pdf
P053,page_writing,DATA\STAGING\respondent_053\PNG\EMHA20260109_16454262.png,DATA\STAGING\respondent_053\PDF\EMHA20260109_16444082.pdf
P054,page_cover,DATA\STAGING\respondent_054\PNG\EMHA20260109_16470831.png,DATA\STAGING\respondent_054\PDF\EMHA20260109_16494140.pdf
P054,page_selfreport,DATA\STAGING\respondent_054\PNG\EMHA20260109_16511625.png,DATA\STAGING\respondent_054\PDF\EMHA20260109_16503892.pdf
P054,page_drawing,DATA\STAGING\respondent_054\PNG\EMHA20260109_16515901.png,DATA\STAGING\respondent_054\PDF\EMHA20260109_16523871.pdf
P054,page_writing,DATA\STAGING\respondent_054\PNG\EMHA20260109_16535959.png,DATA\STAGING\respondent_054\PDF\EMHA20260109_16532064.pdf
P055,page_cover,DATA\STAGING\respondent_055\PNG\EMHA20260109_16551621.png,DATA\STAGING\respondent_055\PDF\EMHA20260109_16555644.pdf
P055,page_selfreport,DATA\STAGING\respondent_055\PNG\EMHA20260109_16572182.png,DATA\STAGING\respondent_055\PDF\EMHA20260109_16564184.pdf
P055,page_drawing,DATA\STAGING\respondent_055\PNG\EMHA20260109_16583172.png,DATA\STAGING\respondent_055\PDF\EMHA20260109_16593866.pdf
P055,page_writing,DATA\STAGING\respondent_055\PNG\EMHA20260109_17012097.png,DATA\STAGING\respondent_055\PDF\EMHA20260109_17003732.pdf
P056,page_cover,DATA\STAGING\respondent_056\PNG\EMHA20260109_17041168.png,DATA\STAGING\respondent_056\PDF\EMHA20260109_17045095.pdf
P056,page_selfreport,DATA\STAGING\respondent_056\PNG\EMHA20260109_17062994.png,DATA\STAGING\respondent_056\PDF\EMHA20260109_17053926.pdf
P056,page_drawing,DATA\STAGING\respondent_056\PNG\EMHA20260109_17071491.png,DATA\STAGING\respondent_056\PDF\EMHA20260109_17080319.pdf
P056,page_writing,DATA\STAGING\respondent_056\PNG\EMHA20260109_17092719.png,DATA\STAGING\respondent_056\PDF\EMHA20260109_17084837.pdf
P057,page_cover,DATA\STAGING\respondent_057\PNG\EMHA20260109_17110502.png,DATA\STAGING\respondent_057\PDF\EMHA20260109_17114467.pdf
P057,page_selfreport,DATA\STAGING\respondent_057\PNG\EMHA20260109_17130673.png,DATA\STAGING\respondent_057\PDF\EMHA20260109_17122565.pdf
P057,page_drawing,DATA\STAGING\respondent_057\PNG\EMHA20260109_17135747.png,DATA\STAGING\respondent_057\PDF\EMHA20260109_17144114.pdf
P057,page_writing,DATA\STAGING\respondent_057\PNG\EMHA20260109_17161120.png,DATA\STAGING\respondent_057\PDF\EMHA20260109_17152816.pdf
P058,page_cover,DATA\STAGING\respondent_058\PNG\EMHA20260109_17172646.png,DATA\STAGING\respondent_058\PDF\EMHA20260109_17180783.pdf
P058,page_selfreport,DATA\STAGING\respondent_058\PNG\EMHA20260109_17194624.png,DATA\STAGING\respondent_058\PDF\EMHA20260109_17190434.pdf
P058,page_drawing,DATA\STAGING\respondent_058\PNG\EMHA20260109_17204425.png,DATA\STAGING\respondent_058\PDF\EMHA20260109_17213264.pdf
P058,page_writing,DATA\STAGING\respondent_058\PNG\EMHA20260109_17230122.png,DATA\STAGING\respondent_058\PDF\EMHA20260109_17221443.pdf
P059,page_cover,DATA\STAGING\respondent_059\PNG\EMHA20260109_17250088.png,DATA\STAGING\respondent_059\PDF\EMHA20260109_17254119.pdf
P059,page_selfreport,DATA\STAGING\respondent_059\PNG\EMHA20260109_17271174.png,DATA\STAGING\respondent_059\PDF\EMHA20260109_17262691.pdf
P059,page_drawing,DATA\STAGING\respondent_059\PNG\EMHA20260109_17282095.png,DATA\STAGING\respondent_059\PDF\EMHA20260109_17290465.pdf
P059,page_writing,DATA\STAGING\respondent_059\PNG\EMHA20260109_17311318.png,DATA\STAGING\respondent_059\PDF\EMHA20260109_17303222.pdf
P060,page_cover,DATA\STAGING\respondent_060\PNG\EMHA20260109_17330666.png,DATA\STAGING\respondent_060\PDF\EMHA20260109_17334503.pdf
P060,page_selfreport,DATA\STAGING\respondent_060\PNG\EMHA20260109_17355187.png,DATA\STAGING\respondent_060\PDF\EMHA20260109_17350555.pdf
P060,page_drawing,DATA\STAGING\respondent_060\PNG\EMHA20260109_17363731.png,DATA\STAGING\respondent_060\PDF\EMHA20260109_17375138.pdf
P060,page_writing,DATA\STAGING\respondent_060\PNG\EMHA20260109_17391530.png,DATA\STAGING\respondent_060\PDF\EMHA20260109_17383626.pdf
P061,page_cover,DATA\STAGING\respondent_061\PNG\EMHA20260109_17420434.png,DATA\STAGING\respondent_061\PDF\EMHA20260109_17424245.pdf
P061,page_selfreport,DATA\STAGING\respondent_061\PNG\EMHA20260109_17440275.png,DATA\STAGING\respondent_061\PDF\EMHA20260109_17432549.pdf
P061,page_drawing,DATA\STAGING\respondent_061\PNG\EMHA20260109_17445200.png,DATA\STAGING\respondent_061\PDF\EMHA20260109_17453797.pdf
P061,page_writing,DATA\STAGING\respondent_061\PNG\EMHA20260109_17473754.png,DATA\STAGING\respondent_061\PDF\EMHA20260109_17464790.pdf
P062,page_cover,DATA\STAGING\respondent_062\PNG\EMHA20260109_17485952.png,DATA\STAGING\respondent_062\PDF\EMHA20260109_17494566.pdf
P062,page_selfreport,DATA\STAGING\respondent_062\PNG\EMHA20260109_17512262.png,DATA\STAGING\respondent_062\PDF\EMHA20260109_17504152.pdf
P062,page_drawing,DATA\STAGING\respondent_062\PNG\EMHA20260109_17521627.png,DATA\STAGING\respondent_062\PDF\EMHA20260109_17525589.pdf
P062,page_writing,DATA\STAGING\respondent_062\PNG\EMHA20260109_17544399.png,DATA\STAGING\respondent_062\PDF\EMHA20260109_17540460.pdf
P063,page_cover,DATA\STAGING\respondent_063\PNG\EMHA20260109_17560925.png,DATA\STAGING\respondent_063\PDF\EMHA20260109_17564887.pdf
P063,page_selfreport,DATA\STAGING\respondent_063\PNG\EMHA20260109_17583714.png,DATA\STAGING\respondent_063\PDF\EMHA20260109_17575448.pdf
P063,page_drawing,DATA\STAGING\respondent_063\PNG\EMHA20260109_17595317.png,DATA\STAGING\respondent_063\PDF\EMHA20260109_18003508.pdf
P063,page_writing,DATA\STAGING\respondent_063\PNG\EMHA20260109_18024088.png,DATA\STAGING\respondent_063\PDF\EMHA20260109_18013755.pdf
P064,page_cover,DATA\STAGING\respondent_064\PNG\EMHA20260109_18060278.png,DATA\STAGING\respondent_064\PDF\EMHA20260109_18064053.pdf
P064,page_selfreport,DATA\STAGING\respondent_064\PNG\EMHA20260109_18093108.png,DATA\STAGING\respondent_064\PDF\EMHA20260109_18085246.pdf
P064,page_drawing,DATA\STAGING\respondent_064\PNG\EMHA20260109_18101689.png,DATA\STAGING\respondent_064\PDF\EMHA20260109_18111364.pdf
P064,page_writing,DATA\STAGING\respondent_064\PNG\EMHA20260109_18135863.png,DATA\STAGING\respondent_064\PDF\EMHA20260109_18120127.pdf
P065,page_cover,DATA\STAGING\respondent_065\PNG\EMHA20260109_18150360.png,DATA\STAGING\respondent_065\PDF\EMHA20260109_18160294.pdf
P065,page_selfreport,DATA\STAGING\respondent_065\PNG\EMHA20260109_18173219.png,DATA\STAGING\respondent_065\PDF\EMHA20260109_18165322.pdf
P065,page_drawing,DATA\STAGING\respondent_065\PNG\EMHA20260109_18182539.png,DATA\STAGING\respondent_065\PDF\EMHA20260109_18190673.pdf
P065,page_writing,DATA\STAGING\respondent_065\PNG\EMHA20260109_18205708.png,DATA\STAGING\respondent_065\PDF\EMHA20260109_18201493.pdf
P066,page_cover,DATA\STAGING\respondent_066\PNG\EMHA20260109_18250041.png,DATA\STAGING\respondent_066\PDF\EMHA20260109_18253980.pdf
P066,page_selfreport,DATA\STAGING\respondent_066\PNG\EMHA20260109_18282327.png,DATA\STAGING\respondent_066\PDF\EMHA20260109_18265964.pdf
P066,page_drawing,DATA\STAGING\respondent_066\PNG\EMHA20260109_18291772.png,DATA\STAGING\respondent_066\PDF\EMHA20260109_18301026.pdf
P066,page_writing,DATA\STAGING\respondent_066\PNG\EMHA20260109_18315230.png,DATA\STAGING\respondent_066\PDF\EMHA20260109_18305299.pdf
P067,page_cover,DATA\STAGING\respondent_067\PNG\EMHA20260109_18345026.png,DATA\STAGING\respondent_067\PDF\EMHA20260109_18362310.pdf
P067,page_selfreport,DATA\STAGING\respondent_067\PNG\EMHA20260109_18385941.png,DATA\STAGING\respondent_067\PDF\EMHA20260109_18380354.pdf
P067,page_drawing,DATA\STAGING\respondent_067\PNG\EMHA20260109_18402565.png,DATA\STAGING\respondent_067\PDF\EMHA20260109_18410924.pdf
P067,page_writing,DATA\STAGING\respondent_067\PNG\EMHA20260109_18425428.png,DATA\STAGING\respondent_067\PDF\EMHA20260109_18421465.pdf
P068,page_cover,DATA\STAGING\respondent_068\PNG\EMHA20260109_18441836.png,DATA\STAGING\respondent_068\PDF\EMHA20260109_18451865.pdf
P068,page_selfreport,DATA\STAGING\respondent_068\PNG\EMHA20260109_18465773.png,DATA\STAGING\respondent_068\PDF\EMHA20260109_18461786.pdf
P068,page_drawing,DATA\STAGING\respondent_068\PNG\EMHA20260109_18475527.png,DATA\STAGING\respondent_068\PDF\EMHA20260109_18484038.pdf
P068,page_writing,DATA\STAGING\respondent_068\PNG\EMHA20260109_18501159.png,DATA\STAGING\respondent_068\PDF\EMHA20260109_18493074.pdf
P069,page_cover,DATA\STAGING\respondent_069\PNG\EMHA20260109_18513095.png,DATA\STAGING\respondent_069\PDF\EMHA20260109_18521449.pdf
P069,page_selfreport,DATA\STAGING\respondent_069\PNG\EMHA20260109_18534635.png,DATA\STAGING\respondent_069\PDF\EMHA20260109_18530031.pdf
P069,page_drawing,DATA\STAGING\respondent_069\PNG\EMHA20260109_18544605.png,DATA\STAGING\respondent_069\PDF\EMHA20260109_18561274.pdf
P069,page_writing,DATA\STAGING\respondent_069\PNG\EMHA20260109_18574909.png,DATA\STAGING\respondent_069\PDF\EMHA20260109_18570041.pdf
P070,page_cover,DATA\STAGING\respondent_070\PNG\EMHA20260109_19000379.png,DATA\STAGING\respondent_070\PDF\EMHA20260109_19004526.pdf
P070,page_selfreport,DATA\STAGING\respondent_070\PNG\EMHA20260109_19020976.png,DATA\STAGING\respondent_070\PDF\EMHA20260109_19012789.pdf
P070,page_drawing,DATA\STAGING\respondent_070\PNG\EMHA20260109_19035418.png,DATA\STAGING\respondent_070\PDF\EMHA20260109_19044224.pdf
P070,page_writing,DATA\STAGING\respondent_070\PNG\EMHA20260109_19063947.png,DATA\STAGING\respondent_070\PDF\EMHA20260109_19055199.pdf
P071,page_cover,DATA\STAGING\respondent_071\PNG\EMHA20260306_02282950.png,DATA\STAGING\respondent_071\PDF\EMHA20260306_02274671.pdf
P071,page_selfreport,DATA\STAGING\respondent_071\PNG\EMHA20260306_02294570.png,DATA\STAGING\respondent_071\PDF\EMHA20260306_02303357.pdf
P071,page_drawing,DATA\STAGING\respondent_071\PNG\EMHA20260306_02315596.png,DATA\STAGING\respondent_071\PDF\EMHA20260306_02312184.pdf
P071,page_writing,DATA\STAGING\respondent_071\PNG\EMHA20260306_02331048.png,DATA\STAGING\respondent_071\PDF\EMHA20260306_02334606.pdf
P072,page_cover,DATA\STAGING\respondent_072\PNG\EMHA20260306_02365576.png,DATA\STAGING\respondent_072\PDF\EMHA20260306_02353156.pdf
P072,page_selfreport,DATA\STAGING\respondent_072\PNG\EMHA20260306_02382975.png,DATA\STAGING\respondent_072\PDF\EMHA20260306_02391319.pdf
P072,page_drawing,DATA\STAGING\respondent_072\PNG\EMHA20260306_02403943.png,DATA\STAGING\respondent_072\PDF\EMHA20260306_02400112.pdf
P072,page_writing,DATA\STAGING\respondent_072\PNG\EMHA20260306_02413824.png,DATA\STAGING\respondent_072\PDF\EMHA20260306_02424468.pdf
P073,page_cover,DATA\STAGING\respondent_073\PNG\EMHA20260306_02450206.png,DATA\STAGING\respondent_073\PDF\EMHA20260306_02440176.pdf
P073,page_selfreport,DATA\STAGING\respondent_073\PNG\EMHA20260306_02455002.png,DATA\STAGING\respondent_073\PDF\EMHA20260306_02471030.pdf
P073,page_drawing,DATA\STAGING\respondent_073\PNG\EMHA20260306_02491587.png,DATA\STAGING\respondent_073\PDF\EMHA20260306_02482332.pdf
P073,page_writing,DATA\STAGING\respondent_073\PNG\EMHA20260306_02495969.png,DATA\STAGING\respondent_073\PDF\EMHA20260306_02513130.pdf
P074,page_cover,DATA\STAGING\respondent_074\PNG\EMHA20260306_02544415.png,DATA\STAGING\respondent_074\PDF\EMHA20260306_02532532.pdf
P074,page_selfreport,DATA\STAGING\respondent_074\PNG\EMHA20260306_02552387.png,DATA\STAGING\respondent_074\PDF\EMHA20260306_02555998.pdf
P074,page_drawing,DATA\STAGING\respondent_074\PNG\EMHA20260306_03011791.png,DATA\STAGING\respondent_074\PDF\EMHA20260306_02564248.pdf
P074,page_writing,DATA\STAGING\respondent_074\PNG\EMHA20260306_03022235.png,DATA\STAGING\respondent_074\PDF\EMHA20260306_03035495.pdf
P075,page_cover,DATA\STAGING\respondent_075\PNG\EMHA20260306_03081652.png,DATA\STAGING\respondent_075\PDF\EMHA20260306_03054838.pdf
P075,page_selfreport,DATA\STAGING\respondent_075\PNG\EMHA20260306_03102474.png,DATA\STAGING\respondent_075\PDF\EMHA20260306_03110000.pdf
P075,page_drawing,DATA\STAGING\respondent_075\PNG\EMHA20260306_03135167.png,DATA\STAGING\respondent_075\PDF\EMHA20260306_03120509.pdf
P075,page_writing,DATA\STAGING\respondent_075\PNG\EMHA20260306_03144864.png,DATA\STAGING\respondent_075\PDF\EMHA20260306_03153419.pdf
P076,page_cover,DATA\STAGING\respondent_076\PNG\EMHA20260306_03173580.png,DATA\STAGING\respondent_076\PDF\EMHA20260306_03165705.pdf
P076,page_selfreport,DATA\STAGING\respondent_076\PNG\EMHA20260306_03190379.png,DATA\STAGING\respondent_076\PDF\EMHA20260306_03200540.pdf
P076,page_drawing,DATA\STAGING\respondent_076\PNG\EMHA20260306_03213018.png,DATA\STAGING\respondent_076\PDF\EMHA20260306_03204894.pdf
P076,page_writing,DATA\STAGING\respondent_076\PNG\EMHA20260306_03223460.png,DATA\STAGING\respondent_076\PDF\EMHA20260306_03235654.pdf
P077,page_cover,DATA\STAGING\respondent_077\PNG\EMHA20260306_03265349.png,DATA\STAGING\respondent_077\PDF\EMHA20260306_03255282.pdf
P077,page_selfreport,DATA\STAGING\respondent_077\PNG\EMHA20260306_03274073.png,DATA\STAGING\respondent_077\PDF\EMHA20260306_03283609.pdf
P077,page_drawing,DATA\STAGING\respondent_077\PNG\EMHA20260306_03301516.png,DATA\STAGING\respondent_077\PDF\EMHA20260306_03292680.pdf
P077,page_writing,DATA\STAGING\respondent_077\PNG\EMHA20260306_03310256.png,DATA\STAGING\respondent_077\PDF\EMHA20260306_03320412.pdf
P078,page_cover,DATA\STAGING\respondent_078\PNG\EMHA20260306_03340246.png,DATA\STAGING\respondent_078\PDF\EMHA20260306_03332145.pdf
P078,page_selfreport,DATA\STAGING\respondent_078\PNG\EMHA20260306_03352717.png,DATA\STAGING\respondent_078\PDF\EMHA20260306_03363701.pdf
P078,page_drawing,DATA\STAGING\respondent_078\PNG\EMHA20260306_03383082.png,DATA\STAGING\respondent_078\PDF\EMHA20260306_03372591.pdf
P078,page_writing,DATA\STAGING\respondent_078\PNG\EMHA20260306_03392545.png,DATA\STAGING\respondent_078\PDF\EMHA20260306_03402766.pdf
P079,page_cover,DATA\STAGING\respondent_079\PNG\EMHA20260306_03431210.png,DATA\STAGING\respondent_079\PDF\EMHA20260306_03421162.pdf
P079,page_selfreport,DATA\STAGING\respondent_079\PNG\EMHA20260306_03443659.png,DATA\STAGING\respondent_079\PDF\EMHA20260306_03463931.pdf
P079,page_drawing,DATA\STAGING\respondent_079\PNG\EMHA20260306_03495523.png,DATA\STAGING\respondent_079\PDF\EMHA20260306_03485626.pdf
P079,page_writing,DATA\STAGING\respondent_079\PNG\EMHA20260306_03511561.png,DATA\STAGING\respondent_079\PDF\EMHA20260306_03520870.pdf
P080,page_cover,DATA\STAGING\respondent_080\PNG\EMHA20260306_03545588.png,DATA\STAGING\respondent_080\PDF\EMHA20260306_03534137.pdf
P080,page_selfreport,DATA\STAGING\respondent_080\PNG\EMHA20260306_03555140.png,DATA\STAGING\respondent_080\PDF\EMHA20260306_03564078.pdf
P080,page_drawing,DATA\STAGING\respondent_080\PNG\EMHA20260306_03583243.png,DATA\STAGING\respondent_080\PDF\EMHA20260306_03574028.pdf
P080,page_writing,DATA\STAGING\respondent_080\PNG\EMHA20260306_03591989.png,DATA\STAGING\respondent_080\PDF\EMHA20260306_04002914.pdf
P081,page_cover,DATA\STAGING\respondent_081\PNG\EMHA20260306_04224527.png,DATA\STAGING\respondent_081\PDF\EMHA20260306_04220018.pdf
P081,page_selfreport,DATA\STAGING\respondent_081\PNG\EMHA20260306_04233558.png,DATA\STAGING\respondent_081\PDF\EMHA20260306_04241718.pdf
P081,page_drawing,DATA\STAGING\respondent_081\PNG\EMHA20260306_04260230.png,DATA\STAGING\respondent_081\PDF\EMHA20260306_04250374.pdf
P081,page_writing,DATA\STAGING\respondent_081\PNG\EMHA20260306_04272710.png,DATA\STAGING\respondent_081\PDF\EMHA20260306_04281130.pdf
